{
    "loss": 0.538952914047241,
    "accuracy": 0.9531793206214905
}

